,bg,proximal_femur,distal_femur,fragment
100207091,0.9964821321267388,0.936998244364846,0.882832511995007,0.8798208161265486
100301649,0.9942182885121614,0.8605200173175732,0.8919104072082951,0.8776530242665701
100658440,0.9964006552533198,0.9115636438624529,0.8747342332708493,0.7633284607110351
100752370,0.9972625500179719,0.9412957517996553,0.8523607645048458,0.7841802543401404
100903938,0.996094557520676,0.9067374527940452,0.8747810858143608,0.774058201216771
100067245,0.9982776232184414,0.9301743207334549,0.8977240387351839,0.7450028270196561
100218737,0.9962799382192356,0.9640275774678416,0.7800531600073176,0.42676848022059605
100201344,0.9941842765785757,0.9262981183986569,0.8191332867099139,0.8049699060223153
