,bg,proximal_femur,distal_femur,fragment
100207091,0.9840534871916462,0.42311079193276735,0.7428261359792536,0.34904364979596575
100301649,0.9747499795494395,0.0004550763769852707,0.0,0.0
100658440,0.9834862215577133,0.004364796239560163,0.8013205887865288,0.12948755778499066
100752370,0.9839010693421774,0.21049578653948406,0.682539005276557,0.377642321887932
100903938,0.9764203051881838,3.526155256615949e-05,0.0,0.008214079445549638
100067245,0.9796683657435982,0.0626012159184432,0.5726238250854241,0.24500078727759408
100218737,0.9781352259175314,0.33376588946097924,0.28722877716219886,0.2259190798932019
100201344,0.9725220140734864,0.0,0.0018337545005255272,0.039909706546275396
