,bg,proximal_femur,distal_femur,fragment
112241,0.9943300265994551,0.7978570650505531,0.8900213101084036,0.626993512096903
135535,0.9962540131845377,0.8808741626671458,0.890512174643157,0.5227409638554217
145101,0.9974452267374754,0.8194416448296714,0.896718793935068,0.44798173954829407
151000,0.9931245376459603,0.7883385862224224,0.8765365392408483,0.6948718758886536
190409,0.996636080461484,0.9353120693049813,0.9031342706049271,0.8729559748427673
200617,0.9962143981047681,0.9169726941846611,0.897377347563498,0.8152906976744186
223849,0.995923529553286,0.9561625004521941,0.8579944078576769,0.8984126277356013
